{
  "trainLogloss": [
    0.4558815674323862,
    0.4509646165328126,
    0.4463399497539841,
    0.44215834511526564,
    0.4382608693206675,
    0.4346587948048535,
    0.4312906025850519,
    0.4281712468846768,
    0.4251661273858807,
    0.4225825407152966,
    0.41998144750086075,
    0.4175518619568867,
    0.4152575309825615,
    0.413162557182795,
    0.41115837590881066,
    0.40936368293570363,
    0.40757336245871406,
    0.4058410952478671,
    0.40424133884716196,
    0.4026750845789454,
    0.4012614153997187,
    0.39990589336980237,
    0.3985462317701312,
    0.39724204101602417,
    0.39604882276652276,
    0.394873222594046,
    0.3937321688114213,
    0.3927046735619003,
    0.39171903477834563,
    0.39071598124533846,
    0.3898065023676363,
    0.3889066870238775,
    0.3880749735136405,
    0.3871605698620469,
    0.3863941684986013,
    0.3856344198758782,
    0.3849066670313504,
    0.38418440605731596,
    0.3834396748453146,
    0.38278910041087943,
    0.3821755281093803,
    0.38155128777747416,
    0.3809790359860132,
    0.380424645966676,
    0.3798888953456204,
    0.37938582532047527,
    0.3788519052123608,
    0.378373486327069,
    0.3779058186004355,
    0.37738821084597274,
    0.3769366635292952,
    0.3765236148139631,
    0.37612881958383554,
    0.3757348870682365,
    0.3753596635633861,
    0.3749844293595043,
    0.3746232228734441,
    0.3742567109960685,
    0.373936682079045,
    0.37362033394286337,
    0.37330217928152887,
    0.37295620846142497,
    0.3726367741124537,
    0.37234695920343924,
    0.3720698148218676,
    0.3717791919625918,
    0.37151529957428236,
    0.3712621321675415,
    0.37101485651725086,
    0.37077121672581576,
    0.3705181063635308,
    0.37029422523723377,
    0.37005073564290747,
    0.36983095576750263,
    0.3696246744553688,
    0.3693988529455113,
    0.3692034312996696,
    0.3690180170248927,
    0.36881800711326,
    0.3686450279457594,
    0.3684740384153033,
    0.36829538845866466,
    0.3681223034562288,
    0.3679561660618342,
    0.36777704156263313,
    0.36759074253638296,
    0.36743734513406334,
    0.36727290380475913,
    0.36713530639378267,
    0.36698388149225797,
    0.3668444321265658,
    0.36670121342985623,
    0.3665472086187615,
    0.3664179475306939,
    0.3662899465839548,
    0.3661555965845731,
    0.36602173675893057,
    0.36590149366674246,
    0.36579193029955465,
    0.3656719431490575
  ],
  "validLogloss": [
    0.4559478531142998,
    0.45110752449072694,
    0.44652352051159605,
    0.44240916053315704,
    0.43853476008296116,
    0.4349774585789171,
    0.4316340072431137,
    0.4285687538193426,
    0.4255867724495861,
    0.4230069548798357,
    0.420459743392149,
    0.41803350172906284,
    0.41579205450895895,
    0.4137349646221592,
    0.41177233855354084,
    0.40997278241691243,
    0.4082306929994969,
    0.40652219415859275,
    0.4049777573840769,
    0.40344111963133517,
    0.40206496895747423,
    0.40075604951519195,
    0.3994435197448293,
    0.39815875547547264,
    0.3969649572050635,
    0.39582538041393467,
    0.3947048002124222,
    0.393725671629681,
    0.3927432192342943,
    0.39174442499302653,
    0.39085416928309913,
    0.38999152596322045,
    0.3891825602933071,
    0.38828372182820353,
    0.3875297159988309,
    0.3867933826589354,
    0.38611226093173084,
    0.3854147604105643,
    0.384682607519343,
    0.38406147124085366,
    0.383478068206126,
    0.382875668968522,
    0.38231734723682514,
    0.38178222073770574,
    0.3812693950738207,
    0.3807910880138686,
    0.38026113575275444,
    0.37980169812594544,
    0.3793830470964488,
    0.3788863144760776,
    0.37844993916040987,
    0.37806366504311667,
    0.37770019001029953,
    0.37732786342603447,
    0.3769670415489104,
    0.37660420444526926,
    0.3762594119206415,
    0.3759183505765904,
    0.375613990380258,
    0.37533288133861104,
    0.37503012018270776,
    0.37469110167682335,
    0.3743752585366941,
    0.37410813495274586,
    0.3738497140932502,
    0.37358651626655,
    0.3733467616257801,
    0.3731188416775895,
    0.3728856049242383,
    0.37264655149799036,
    0.37240146007533353,
    0.3721916781403455,
    0.3719628074067309,
    0.3717559604683196,
    0.3715580510158142,
    0.3713467541726071,
    0.37116778535981554,
    0.3710069071986179,
    0.37080760186342937,
    0.37065792582781,
    0.3704982372236567,
    0.3703461617788657,
    0.3701989405506488,
    0.3700530571046356,
    0.3698783714707757,
    0.3696933937194313,
    0.3695471122193908,
    0.36940459901682293,
    0.36927408966841246,
    0.3691258383765308,
    0.3690016759592471,
    0.3688632768666081,
    0.368712855466374,
    0.36859429067756544,
    0.368481443070508,
    0.3683489960832242,
    0.3682249513230235,
    0.36811965387770174,
    0.3680270667624123,
    0.36791514913378476
  ],
  "trainError": [
    0.17014322276435065,
    0.17014322276435065,
    0.17014322276435065,
    0.17014322276435065,
    0.17014322276435065,
    0.17014322276435065,
    0.17014322276435065,
    0.17014322276435065,
    0.17014322276435065,
    0.17014322276435065,
    0.17014322276435065,
    0.17014322276435065,
    0.17014322276435065,
    0.17014322276435065,
    0.17014322276435065,
    0.17014322276435065,
    0.17014322276435065,
    0.17014322276435065,
    0.17014322276435065,
    0.17014322276435065,
    0.17014322276435065,
    0.17014322276435065,
    0.17014322276435065,
    0.17014322276435065,
    0.17014322276435065,
    0.17014322276435065,
    0.17014322276435065,
    0.17014322276435065,
    0.17014322276435065,
    0.1700581212098289,
    0.1695317523355649,
    0.16936470113594815,
    0.16923232094002547,
    0.16923232094002547,
    0.16894549718219298,
    0.16883202844283066,
    0.16869964824690797,
    0.16866497724321394,
    0.1686208505112397,
    0.1685389008661447,
    0.1681575198255103,
    0.16804405108614798,
    0.1679652533504797,
    0.1676563662266601,
    0.1674514921139226,
    0.16719618745035741,
    0.1671016301675555,
    0.1670701110732882,
    0.1669597942433526,
    0.16695033851507243,
    0.16685262932284378,
    0.1667832873154557,
    0.1667643758588953,
    0.1665784132027182,
    0.16646179255392918,
    0.1660331328718938,
    0.16593857558909186,
    0.16589129694769092,
    0.16570848620094053,
    0.1655634983673109,
    0.16541220671482784,
    0.16535232043571996,
    0.16529243415661207,
    0.1650182180364865,
    0.16495517984795188,
    0.16488898974999056,
    0.16476291337292132,
    0.1646273812675719,
    0.1645139125282096,
    0.16439413996999383,
    0.16418296203840285,
    0.16407894902732076,
    0.16399069556337229,
    0.16391504973713075,
    0.16389298637114363,
    0.16382994818260901,
    0.1637763657223546,
    0.16371647944324672,
    0.16368496034897942,
    0.1635935549756042,
    0.1635714916096171,
    0.1635399725153498,
    0.16342019995713403,
    0.16334770604031923,
    0.16321532584439655,
    0.1631711991124223,
    0.16290959063000365,
    0.16285916007917597,
    0.16276145088694732,
    0.16277405852465424,
    0.16270156460783944,
    0.16261961496274444,
    0.1626070073250375,
    0.16249984240452867,
    0.16243995612542078,
    0.16240528512172675,
    0.16230127211064463,
    0.16220356291841598,
    0.16216258809586848,
    0.1621531323675883
  ],