{
  "trainLogloss": [
    0.4558815674323862,
    0.4509646165328126,
    0.4463399497539841,
    0.44215834511526564,
    0.4382608693206675,
    0.4346587948048535,
    0.4312906025850519,
    0.4281712468846768,
    0.4251661273858807,
    0.4225825407152966,
    0.41998144750086075,
    0.4175518619568867,
    0.4152575309825615,
    0.413162557182795,
    0.41115837590881066,
    0.40936368293570363,
    0.40757336245871406,
    0.4058410952478671,
    0.40424133884716196,
    0.4026750845789454,
    0.4012614153997187,
    0.39990589336980237,
    0.3985462317701312,
    0.39724204101602417,
    0.39604882276652276,
    0.394873222594046,
    0.3937321688114213,
    0.3927046735619003,
    0.39171903477834563,
    0.39071598124533846
  ],
  "validLogloss": [
    0.4559478531142998,
    0.45110752449072694,
    0.44652352051159605,
    0.44240916053315704,
    0.43853476008296116,
    0.4349774585789171,
    0.4316340072431137,
    0.4285687538193426,
    0.4255867724495861,
    0.4230069548798357,
    0.420459743392149,
    0.41803350172906284,
    0.41579205450895895,
    0.4137349646221592,
    0.41177233855354084,
    0.40997278241691243,
    0.4082306929994969,
    0.40652219415859275,
    0.4049777573840769,
    0.40344111963133517,
    0.40206496895747423,
    0.40075604951519195,
    0.3994435197448293,
    0.39815875547547264,
    0.3969649572050635,
    0.39582538041393467,
    0.3947048002124222,
    0.393725671629681,
    0.3927432192342943,
    0.39174442499302653
  ],
  "trainError": [
    0.17014322276435065,
    0.17014322276435065,
    0.17014322276435065,
    0.17014322276435065,
    0.17014322276435065,
    0.17014322276435065,
    0.17014322276435065,
    0.17014322276435065,
    0.17014322276435065,
    0.17014322276435065,
    0.17014322276435065,
    0.17014322276435065,
    0.17014322276435065,
    0.17014322276435065,
    0.17014322276435065,
    0.17014322276435065,
    0.17014322276435065,
    0.17014322276435065,
    0.17014322276435065,
    0.17014322276435065,
    0.17014322276435065,
    0.17014322276435065,
    0.17014322276435065,
    0.17014322276435065,
    0.17014322276435065,
    0.17014322276435065,
    0.17014322276435065,
    0.17014322276435065,
    0.17014322276435065,
    0.1700581212098289
  ],
  "validError": [
    0.17014407272031948,
    0.17014407272031948,
    0.17014407272031948,
    0.17014407272031948,
    0.17014407272031948,
    0.17014407272031948,
    0.17014407272031948,
    0.17014407272031948,
    0.17014407272031948,
    0.17014407272031948,
    0.17014407272031948,
    0.17014407272031948,
    0.17014407272031948,
    0.17014407272031948,
    0.17014407272031948,
    0.17014407272031948,
    0.17014407272031948,
    0.17014407272031948,
    0.17014407272031948,
    0.17014407272031948,
    0.17014407272031948,
    0.17014407272031948,
    0.17014407272031948,
    0.17014407272031948,
    0.17014407272031948,
    0.17014407272031948,
    0.17014407272031948,
    0.17014407272031948,
    0.17014407272031948,
    0.16994550388680105
  ]
}