{
  "trainLogloss": [
    0.6458501581634793,
    0.6222298315593174,
    0.6016006192990712,
    0.5809685066342354,
    0.5586212852171489,
    0.537712883736406,
    0.5186533736331123,
    0.5024315054927554,
    0.4876715136425836,
    0.4703982227614948,
    0.45407416352203916,
    0.4412240779825619,
    0.425415932067803,
    0.41394939167158945,
    0.4024448682154928,
    0.39216249755450655,
    0.3829608421240534,
    0.37175786069461275,
    0.36260696766631945,
    0.3544432164302894,
    0.34509761312178205,
    0.3343722490327699,
    0.3240621419889586,
    0.3143212321613516,
    0.30745803085821016,
    0.300076820488487,
    0.2931517926709993,
    0.2851276881992817,
    0.2791004925966263,
    0.27214748838118147
  ],
  "validLogloss": [
    0.6521786637604237,
    0.641621358692646,
    0.6374241188168526,
    0.6209775991737843,
    0.5999304503202438,
    0.5802375860512257,
    0.5625515207648277,
    0.5558170080184937,
    0.5461573004722595,
    0.5298659838736057,
    0.5139086246490479,
    0.5114875435829163,
    0.49217067658901215,
    0.48730362206697464,
    0.47931186109781265,
    0.475024301558733,
    0.4578564614057541,
    0.44616315327584743,
    0.43965042382478714,
    0.43076958134770393,
    0.43162739649415016,
    0.4201161153614521,
    0.4090899061411619,
    0.3985879626125097,
    0.3957158084958792,
    0.3968750648200512,
    0.39437676779925823,
    0.38576696813106537,
    0.3811285197734833,
    0.37291716039180756
  ],
  "trainError": [
    0.39285714285714285,
    0.39285714285714285,
    0.39285714285714285,
    0.39285714285714285,
    0.39285714285714285,
    0.14285714285714285,
    0.14285714285714285,
    0.14285714285714285,
    0.14285714285714285,
    0.10714285714285714,
    0.10714285714285714,
    0.10714285714285714,
    0.03571428571428571,
    0.07142857142857142,
    0.03571428571428571,
    0.03571428571428571,
    0.03571428571428571,
    0.03571428571428571,
    0.03571428571428571,
    0.03571428571428571,
    0.03571428571428571,
    0.03571428571428571,
    0.03571428571428571,
    0.03571428571428571,
    0.03571428571428571,
    0.03571428571428571,
    0.03571428571428571,
    0.03571428571428571,
    0.03571428571428571,
    0.03571428571428571
  ],
  "validError": [
    0.375,
    0.375,
    0.375,
    0.375,
    0.375,
    0.25,
    0.25,
    0.25,
    0.25,
    0.25,
    0.25,
    0.25,
    0.25,
    0.25,
    0.25,
    0.25,
    0.125,
    0.125,
    0.125,
    0.0,
    0.0,
    0.0,
    0.0,
    0.0,
    0.0,
    0.0,
    0.0,
    0.0,
    0.0,
    0.0
  ]
}